Time,Radiation,Temperature,Pressure,Humidity,Speed,WindDirection(Degrees)
0:00:02,1.2,44.0,30.43,101.0,3.37,83.59
0:00:08,2.58,51.0,30.43,103.0,11.25,77.27
0:00:19,1.27,47.5,30.47,67.0,7.31,128.93
0:05:02,1.23,44.0,30.42,101.0,7.87,164.19
0:05:10,2.83,51.0,30.43,103.0,9.0,153.44
0:10:01,1.2,44.0,30.42,102.0,9.0,145.19
0:10:18,1.31,47.0,30.48,55.0,5.62,140.94
0:15:01,1.17,44.0,30.42,102.0,6.75,117.78
0:15:20,1.3,47.0,30.48,54.0,3.37,161.9
0:20:04,1.22,44.0,30.43,102.0,6.75,145.42
0:20:06,2.16,51.0,30.43,103.0,7.87,142.04
0:20:19,1.31,47.0,30.48,56.0,4.5,151.32
0:20:20,1.29,49.0,30.46,77.0,7.87,154.23
0:25:02,1.18,44.0,30.42,102.0,4.5,121.02
0:25:05,2.21,51.0,30.43,103.0,18.0,144.12
0:25:18,1.26,47.0,30.47,52.0,5.62,154.28
0:30:05,1.21,44.0,30.42,101.0,10.12,101.27
0:30:09,2.25,51.0,30.43,103.0,11.25,67.42
0:30:17,1.29,47.0,30.47,58.0,6.75,171.69
0:30:18,1.27,49.0,30.45,84.0,9.0,151.91
0:35:03,1.19,44.0,30.42,101.0,3.37,148.63
0:35:17,1.29,46.0,30.47,60.0,7.87,171.84
0:35:22,1.24,48.0,30.45,88.0,10.12,180.23
0:40:02,1.19,43.0,30.42,101.0,5.62,178.46
0:40:17,1.23,46.0,30.47,57.0,6.75,172.21
0:40:24,1.25,48.0,30.45,92.0,10.12,151.13
0:45:02,1.2,43.0,30.42,101.0,6.75,150.62
0:45:04,2.15,51.0,30.43,103.0,4.5,67.85
0:45:17,1.25,46.0,30.47,50.0,5.62,108.52
0:45:18,1.26,48.0,30.45,94.0,7.87,151.16
0:50:06,1.64,47.0,30.42,102.0,5.62,160.26
0:50:21,1.24,49.0,30.45,95.0,13.5,152.75
0:50:22,1.26,46.0,30.47,56.0,6.75,188.55
0:55:01,1.21,43.0,30.42,101.0,9.0,152.17
0:55:04,2.06,52.0,30.43,103.0,7.87,69.98
0:55:18,1.23,46.0,30.47,54.0,5.62,186.38
0:55:20,1.26,49.0,30.45,97.0,10.12,146.87
10:00:02,319.44,45.0,30.42,99.0,3.37,30.08
10:00:07,928.27,57.0,30.47,77.0,4.5,37.85
10:00:20,674.16,56.5,30.49,65.0,5.62,77.35
10:05:01,527.28,46.0,30.42,100.0,9.0,141.8
10:05:09,999.94,57.0,30.47,76.0,9.0,80.8
10:05:20,416.43,57.0,30.5,34.0,5.62,152.18
10:05:35,370.53,56.0,30.48,95.0,4.5,60.37
10:10:04,588.8,47.0,30.42,100.0,9.0,190.74
10:10:06,916.47,57.0,30.47,76.0,4.5,71.14
10:10:18,927.38,57.0,30.5,33.0,4.5,113.32
10:10:19,615.0,56.0,30.48,95.0,10.12,90.62
10:15:05,854.2,52.5,30.44,86.0,11.25,143.92
10:15:18,279.67,58.0,30.5,36.0,7.87,119.88
10:15:22,479.31,55.0,30.48,96.0,3.37,185.83
10:20:05,821.73,48.0,30.42,96.0,7.87,158.38
10:20:08,486.31,58.0,30.47,70.0,7.87,177.82
10:20:19,385.92,55.0,30.48,96.0,3.37,69.65
10:20:21,648.48,58.0,30.5,32.0,1.12,41.01
10:25:04,856.35,49.0,30.42,94.0,4.5,164.94
10:25:17,970.81,58.0,30.5,31.0,6.75,73.18
10:25:22,331.42,54.0,30.48,97.0,12.37,47.74
10:30:04,478.18,50.0,30.42,95.0,7.87,177.5
10:30:18,846.4,58.0,30.5,33.0,3.37,145.09
10:30:20,288.95,54.0,30.48,98.0,3.37,135.61
10:35:01,308.69,51.0,30.42,91.0,13.5,179.28
10:35:08,1073.71,58.0,30.47,74.0,5.62,335.52
10:35:18,640.66,58.0,30.5,33.0,7.87,122.34
10:35:21,305.67,54.0,30.48,99.0,3.37,55.18
10:40:03,192.81,51.0,30.42,90.0,6.75,182.84
10:40:09,1027.63,58.0,30.47,74.0,4.5,166.72
10:40:17,685.21,58.0,30.5,36.0,10.12,126.94
10:40:21,840.76,54.0,30.48,99.0,4.5,40.92
10:45:02,81.23,50.0,30.42,89.0,12.37,151.91
10:45:04,1006.1,58.0,30.47,73.0,7.87,72.66
10:45:20,800.82,57.0,30.49,69.0,5.06,65.02
10:50:03,1012.53,59.0,30.47,78.0,5.62,134.81
10:50:05,42.66,49.0,30.42,90.0,11.25,138.37
10:50:19,455.28,57.0,30.48,66.0,4.5,113.64
10:55:01,22.25,48.0,30.42,91.0,7.87,133.91
10:55:06,1008.46,59.0,30.47,74.0,6.75,85.75
10:55:18,378.91,59.0,30.49,34.0,7.87,68.8
10:55:24,707.63,55.0,30.47,100.0,4.5,171.13
11:00:03,19.69,47.0,30.42,93.0,9.0,148.92
11:00:06,1013.32,59.0,30.47,71.0,16.87,46.61
11:00:17,501.28,58.0,30.49,40.0,4.5,29.72
11:00:21,774.04,56.0,30.47,100.0,9.0,158.82
11:05:04,17.38,47.0,30.42,94.0,10.12,170.55
11:05:20,663.8,57.0,30.48,69.0,5.62,115.12
11:10:05,18.32,46.0,30.42,95.0,9.0,162.09
11:10:06,1009.88,58.0,30.47,77.0,7.87,68.09
11:10:18,662.2,57.0,30.49,38.0,2.25,103.58
11:10:20,1040.39,58.0,30.47,90.0,5.62,74.24
11:15:09,15.01,46.0,30.42,95.0,6.75,199.91
11:15:18,431.56,57.0,30.48,41.0,10.12,81.6
11:15:22,1040.93,59.0,30.46,88.0,7.87,18.01
11:20:05,15.08,46.0,30.42,96.0,12.37,180.68
11:20:07,978.36,58.0,30.46,76.0,11.25,89.95
11:20:20,753.2,57.5,30.47,67.5,7.31,67.43
11:25:02,14.14,46.0,30.42,96.0,11.25,114.71
11:25:08,952.03,58.0,30.46,77.0,14.62,46.19
11:25:21,1069.03,58.0,30.48,40.0,5.62,78.32
11:25:22,1166.39,58.0,30.46,96.0,3.37,81.37
11:30:01,17.39,46.0,30.42,95.0,9.0,144.34
11:30:05,974.1,59.0,30.46,73.0,7.87,110.8
11:30:20,1206.19,57.0,30.46,97.0,4.5,106.05
11:30:21,831.49,58.0,30.48,38.0,6.75,51.14
11:35:01,22.15,45.0,30.42,95.0,15.75,182.22
11:35:09,1005.43,59.0,30.46,76.0,10.12,37.34
11:35:17,581.09,58.0,30.49,40.0,1.12,4.31
11:35:25,757.47,57.0,30.46,97.0,7.87,73.55
11:40:02,24.75,45.0,30.41,93.0,16.87,156.53
11:40:09,1000.96,59.0,30.46,71.0,11.25,31.44
11:40:21,610.59,58.0,30.48,44.0,2.25,147.75
11:40:24,1054.1,58.0,30.46,97.0,5.62,57.96
11:45:03,24.68,44.0,30.41,94.0,14.62,148.04
11:45:18,636.29,58.0,30.48,45.0,5.62,41.24
11:45:23,623.08,57.0,30.46,98.0,7.87,34.52
11:50:02,27.89,44.0,30.41,93.0,19.12,160.29
11:50:05,1063.06,60.0,30.46,71.0,3.37,38.77
11:50:17,405.15,57.0,30.48,49.0,1.12,16.79
11:50:21,1243.14,57.0,30.46,98.0,11.25,29.74
11:55:02,28.76,45.0,30.41,93.0,18.0,169.45
11:55:08,1061.27,60.0,30.46,72.0,7.87,89.07
11:55:17,747.42,57.0,30.48,47.0,5.62,88.23
11:55:22,913.44,57.0,30.46,98.0,7.87,86.29
12:00:03,38.66,45.0,30.4,93.0,20.25,154.87
12:00:10,1065.3,60.0,30.46,73.0,5.62,28.35
12:00:17,475.63,57.0,30.48,48.0,4.5,0.79
12:00:24,856.91,57.0,30.46,99.0,14.62,17.83
12:05:02,50.66,45.0,30.41,93.0,9.0,199.22
12:05:05,1070.12,60.0,30.46,69.0,5.62,62.41
12:05:18,930.48,57.0,30.47,50.0,5.62,84.77
12:05:20,544.82,56.0,30.45,98.0,9.0,7.8
12:10:02,75.01,45.0,30.41,93.0,14.62,170.78
12:10:17,840.19,57.0,30.47,47.0,7.87,60.9
12:10:18,708.8,56.0,30.45,98.0,13.5,48.94
12:15:02,82.37,45.0,30.41,93.0,9.0,164.11
12:15:09,1067.15,60.0,30.46,71.0,6.75,105.16
12:15:17,731.83,57.0,30.48,45.0,7.87,33.72
12:15:20,1231.42,56.0,30.45,97.0,6.75,68.49
12:20:01,111.87,45.0,30.41,93.0,10.12,151.19
12:20:05,1072.24,60.0,30.45,68.0,11.25,38.74
12:20:18,1179.95,57.0,30.47,44.0,4.5,102.46
12:20:21,822.75,57.0,30.45,97.0,4.5,127.04
12:25:02,132.11,45.0,30.4,93.0,13.5,162.31
12:25:17,475.6,58.0,30.47,46.0,3.37,45.36
12:25:21,1204.21,57.0,30.45,97.0,9.0,61.85
12:30:01,163.91,45.0,30.4,93.0,13.5,159.64
12:30:07,1072.94,60.0,30.45,68.0,5.62,8.97
12:30:23,864.56,57.5,30.46,70.0,4.5,74.42
12:35:04,117.81,45.0,30.4,93.0,12.37,163.99
12:35:18,1052.08,59.0,30.47,41.0,1.12,133.18
12:35:21,1085.72,58.0,30.45,95.0,11.25,81.51
12:40:03,168.63,45.0,30.4,93.0,15.75,111.19
12:40:05,1073.43,60.0,30.45,60.0,11.25,63.24
12:40:18,1063.98,59.0,30.47,38.0,6.75,105.92
12:40:19,953.49,58.0,30.44,95.0,9.0,6.63
12:45:01,96.85,45.0,30.4,93.0,12.37,104.58
12:45:06,1069.16,61.0,30.45,62.0,4.5,65.54
12:45:18,1038.7,59.0,30.47,38.0,4.5,144.7
12:45:20,979.36,58.0,30.44,94.0,7.87,57.11
12:50:02,116.2,45.0,30.4,93.0,3.37,73.4
12:50:19,1154.39,58.0,30.44,94.0,9.0,55.98
12:50:21,422.8,59.0,30.47,40.0,5.62,147.86
12:55:03,239.52,45.0,30.39,93.0,4.5,68.4
12:55:18,366.9,59.0,30.47,39.0,2.25,80.13
12:55:21,865.04,58.0,30.44,93.0,3.37,16.08
13:00:01,269.61,45.0,30.39,93.0,14.62,355.33
13:00:09,1059.15,61.0,30.45,64.0,10.12,101.98
13:00:20,357.36,59.0,30.46,38.0,6.75,22.97
13:00:21,633.84,58.0,30.44,93.0,6.75,58.0
13:05:03,384.66,45.0,30.39,93.0,10.12,47.18
13:05:07,1051.8,61.0,30.45,68.0,4.5,339.64
13:05:23,485.56,58.0,30.46,42.0,5.62,77.79
13:05:24,890.21,58.0,30.44,92.0,6.75,93.96
13:10:01,373.61,45.0,30.39,93.0,3.37,49.22
13:10:04,1058.61,61.0,30.44,61.0,5.62,96.98
13:10:18,434.2,57.0,30.46,44.0,3.37,50.18
13:10:20,620.06,59.0,30.44,94.0,7.87,7.05
13:15:02,291.13,45.0,30.38,93.0,5.62,30.35
13:15:07,1048.67,62.0,30.44,57.0,7.87,67.84
13:15:18,1127.96,57.0,30.45,45.0,6.75,120.89
13:15:20,1272.97,58.0,30.44,95.0,11.25,25.51
13:20:03,193.56,45.0,30.38,93.0,6.75,49.63
13:20:08,1039.12,62.0,30.44,65.0,3.37,238.47
13:20:18,458.26,58.0,30.45,43.0,5.62,74.7
13:20:21,520.91,57.0,30.43,95.0,5.62,1.17
13:25:02,135.29,45.0,30.38,93.0,6.75,65.03
13:25:04,1019.48,62.0,30.44,65.0,9.0,31.15
13:25:21,333.21,58.0,30.46,36.0,7.87,139.26
13:25:22,352.81,57.0,30.43,95.0,4.5,9.83
13:30:02,115.16,45.0,30.38,93.0,6.75,56.4
13:30:10,1018.59,61.0,30.44,66.0,6.75,47.08
13:30:17,405.86,59.0,30.45,38.0,7.87,171.42
13:30:23,474.35,57.0,30.43,96.0,4.5,304.78
13:35:10,998.96,62.0,30.44,62.0,10.12,29.13
13:35:11,135.78,45.0,30.38,93.0,6.75,63.24
13:35:18,795.55,59.0,30.45,36.0,11.25,100.15
13:35:22,404.37,57.0,30.43,98.0,1.12,355.12
13:40:01,181.06,45.0,30.38,93.0,7.87,87.48
13:40:07,1004.49,62.0,30.44,67.0,2.25,28.19
13:40:20,362.74,57.5,30.44,68.0,6.18,80.96
13:45:08,160.28,45.0,30.37,93.0,10.12,90.6
13:45:20,796.37,55.0,30.43,99.0,7.87,56.95
13:45:21,368.1,59.0,30.45,38.0,12.37,115.6
13:50:01,149.94,45.0,30.37,93.0,7.87,90.99
13:50:05,989.02,62.0,30.43,61.0,6.75,120.03
13:50:18,378.76,58.0,30.44,36.0,3.37,60.64
13:50:24,602.58,56.0,30.42,100.0,5.62,68.82
13:55:01,123.69,45.0,30.38,93.0,7.87,55.12
13:55:06,978.9,62.0,30.43,61.0,6.75,46.48
13:55:21,407.24,57.0,30.44,70.0,6.74,63.18
14:00:02,153.61,45.0,30.38,93.0,9.0,23.87
14:00:07,972.4,62.0,30.43,57.0,4.5,104.9
14:00:18,324.53,58.0,30.44,41.0,10.12,55.48
14:00:22,365.79,56.0,30.42,99.0,5.62,30.43
14:05:06,948.24,62.0,30.43,56.0,9.0,60.41
14:05:13,195.96,45.0,30.38,93.0,2.25,15.46
14:05:21,618.3,57.0,30.44,37.0,12.37,72.68
14:05:23,464.12,56.0,30.42,100.0,3.37,333.73
14:10:02,119.95,45.0,30.38,93.0,6.75,45.58
14:10:06,942.14,63.0,30.43,56.0,4.5,94.0
14:10:18,451.73,57.0,30.44,39.0,9.0,15.74
14:10:21,346.05,56.0,30.42,100.0,4.5,64.62
14:15:04,525.9,54.0,30.4,77.0,5.62,71.42
14:15:20,953.29,57.0,30.44,36.0,9.0,71.48
14:15:21,272.32,55.0,30.42,100.0,6.75,74.28
14:20:03,152.32,45.0,30.38,93.0,7.87,145.71
14:20:09,918.24,62.0,30.42,59.0,9.0,53.03
14:20:20,847.57,58.0,30.45,39.0,5.62,53.57
14:20:22,575.09,55.0,30.42,100.0,7.87,94.58
14:25:03,138.16,45.0,30.39,93.0,5.62,106.11
14:25:04,902.24,62.0,30.42,61.0,3.37,357.5
14:25:18,824.28,58.0,30.45,39.0,6.75,85.87
14:25:26,487.41,56.0,30.42,100.0,5.62,0.11
14:30:02,142.81,45.0,30.39,93.0,3.37,97.14
14:30:05,884.62,63.0,30.42,61.0,7.87,39.69
14:30:20,228.02,58.0,30.45,43.0,4.5,113.24
14:30:21,406.87,56.0,30.42,100.0,5.62,0.11
14:35:03,877.7,62.0,30.42,58.0,9.0,3.91
14:35:04,142.58,45.0,30.39,93.0,9.0,125.03
14:35:20,311.43,57.0,30.44,41.0,9.0,54.71
14:35:22,630.06,55.0,30.42,100.0,9.0,352.2
14:40:02,121.6,45.0,30.38,93.0,5.62,94.35
14:40:08,866.92,62.0,30.42,59.0,7.87,357.11
14:40:18,590.16,57.0,30.44,45.0,6.75,93.3
14:40:22,439.4,55.0,30.42,100.0,3.37,206.08
14:45:01,93.31,45.0,30.38,93.0,6.75,45.67
14:45:08,856.11,62.0,30.42,60.0,5.62,56.36
14:45:17,235.77,57.0,30.44,44.0,4.5,40.39
14:45:24,559.85,55.0,30.42,100.0,6.75,359.93
14:50:04,479.92,53.5,30.4,75.0,9.56,66.7
14:50:17,785.8,57.0,30.44,44.0,2.25,348.09
14:50:19,446.54,55.0,30.42,100.0,7.87,26.66
14:55:04,128.28,45.0,30.36,93.0,13.5,142.78
14:55:18,717.29,58.0,30.44,45.0,2.25,83.12
14:55:23,522.48,55.0,30.42,100.0,9.0,95.84
15:00:02,138.11,45.0,30.36,93.0,12.37,109.28
15:00:06,806.42,62.0,30.42,59.0,5.62,5.42
15:00:18,676.95,58.0,30.44,39.0,7.87,98.33
15:00:23,404.0,55.0,30.42,101.0,4.5,17.17
15:05:01,121.17,45.0,30.36,93.0,7.87,125.7
15:05:04,793.65,62.0,30.42,58.0,7.87,116.21
15:05:17,638.61,58.0,30.44,41.0,4.5,14.12
15:05:22,359.02,55.0,30.42,101.0,6.75,109.38
15:10:02,106.41,45.0,30.37,93.0,2.25,300.31
15:10:09,782.78,62.0,30.41,60.0,2.25,22.44
15:10:19,620.35,58.0,30.44,38.0,12.37,55.8
15:10:23,326.2,55.0,30.42,101.0,6.75,10.65
15:15:04,120.33,45.0,30.36,93.0,5.62,150.27
15:15:07,773.13,63.0,30.41,63.0,11.25,92.76
15:15:18,600.28,58.0,30.44,38.0,5.62,30.34
15:15:22,250.26,55.0,30.42,101.0,7.87,343.84
15:20:02,138.27,45.0,30.37,93.0,4.5,74.88
15:20:05,760.63,62.0,30.41,55.0,9.0,115.26
15:20:17,584.49,58.0,30.44,39.0,3.37,53.05
15:20:20,333.17,55.0,30.42,101.0,7.87,42.2
15:25:03,135.96,45.0,30.37,93.0,2.25,185.95
15:25:07,739.28,62.0,30.41,58.0,11.25,1.89
15:25:17,591.04,58.0,30.44,42.0,6.75,14.26
15:25:25,305.5,55.0,30.42,101.0,4.5,50.06
15:30:04,132.22,45.0,30.37,93.0,9.0,98.93
15:30:10,725.79,62.0,30.41,56.0,2.25,76.66
15:30:18,402.35,58.0,30.44,51.0,3.37,39.62
15:30:24,276.83,55.0,30.42,101.0,5.62,15.96
15:35:02,125.35,45.0,30.37,93.0,5.62,113.12
15:35:18,587.05,57.0,30.44,49.0,2.25,176.09
15:35:21,411.41,55.0,30.42,101.0,7.87,29.88
15:40:03,689.85,63.0,30.42,60.0,5.62,329.36
15:40:05,118.96,45.0,30.37,93.0,3.37,134.5
15:40:18,480.6,57.0,30.44,43.0,0.0,3.04
15:40:27,218.21,55.0,30.42,101.0,9.0,70.32
15:45:01,82.49,45.0,30.37,93.0,3.37,27.02
15:45:07,669.48,63.0,30.41,58.0,10.12,46.06
15:45:17,380.04,57.0,30.44,43.0,3.37,143.88
15:45:22,195.33,54.0,30.42,101.0,6.75,350.99
15:50:02,67.33,45.0,30.37,93.0,3.37,322.95
15:50:19,539.66,57.0,30.44,41.0,7.87,103.72
15:50:24,303.12,54.0,30.42,101.0,5.62,99.43
15:55:04,83.05,45.0,30.38,93.0,7.87,44.75
15:55:08,628.8,63.0,30.42,58.0,6.75,1.55
15:55:18,484.87,57.0,30.44,48.0,4.5,89.92
15:55:25,282.29,54.0,30.42,101.0,2.25,133.66
16:00:04,69.01,45.0,30.38,93.0,6.75,82.33
16:00:06,596.57,62.0,30.42,56.0,5.62,81.7
16:00:20,381.62,55.5,30.43,76.0,6.18,28.02
16:05:05,90.83,45.0,30.38,93.0,3.37,0.17
16:05:07,577.1,62.0,30.42,57.0,7.87,53.61
16:05:17,142.56,57.0,30.44,54.0,5.62,89.49
16:05:22,155.63,54.0,30.42,101.0,5.62,76.55
16:10:03,70.93,45.0,30.38,93.0,4.5,61.84
16:10:11,573.13,62.0,30.42,58.0,3.37,14.04
16:10:17,131.41,56.0,30.44,47.0,4.5,135.67
16:10:19,108.29,54.0,30.42,101.0,3.37,7.49
16:15:01,78.0,45.0,30.38,93.0,6.75,71.33
16:15:08,564.1,62.0,30.42,58.0,6.75,49.52
16:15:18,133.57,56.0,30.44,50.0,7.87,148.86
16:15:24,174.48,54.0,30.42,101.0,5.62,68.02
16:20:03,314.7,53.5,30.4,75.0,5.62,15.7
16:20:18,155.78,56.0,30.44,51.0,2.25,31.96
16:20:19,142.93,54.0,30.42,101.0,4.5,133.87
16:25:03,111.77,45.0,30.38,93.0,11.25,137.3
16:25:06,497.13,63.0,30.42,50.0,5.62,79.57
16:25:20,151.81,55.0,30.44,57.0,2.25,8.85
16:25:22,190.03,53.0,30.42,101.0,3.37,2.31
16:30:04,101.31,45.0,30.38,93.0,13.5,110.14
16:30:07,487.99,63.0,30.42,53.0,12.37,79.61
16:30:19,206.75,55.0,30.44,61.0,2.25,87.05
16:30:20,153.46,53.0,30.42,101.0,2.25,167.76
16:35:01,65.25,45.0,30.39,93.0,9.0,0.18
16:35:03,409.4,62.0,30.42,53.0,7.87,98.89
16:35:18,423.74,54.0,30.44,58.0,3.37,84.36
16:35:21,198.5,53.0,30.43,101.0,4.5,174.08
16:40:05,53.54,45.0,30.39,93.0,7.87,86.84
16:40:10,457.65,62.0,30.42,52.0,11.25,78.89
16:40:20,148.48,54.0,30.44,62.0,3.37,78.83
16:40:24,79.92,53.0,30.43,101.0,5.62,70.27
16:45:03,52.95,45.0,30.39,93.0,7.87,106.27
16:45:04,394.97,62.0,30.43,52.0,6.75,99.17
16:45:17,118.2,54.0,30.44,61.0,5.62,72.46
16:45:24,67.39,53.0,30.43,101.0,7.87,146.86
16:50:01,48.33,45.0,30.39,93.0,9.0,61.57
16:50:07,391.31,62.0,30.43,52.0,4.5,158.17
16:50:18,100.99,54.0,30.45,60.0,3.37,58.5
16:50:20,112.33,53.0,30.43,101.0,5.62,142.16
16:55:02,36.7,45.0,30.39,93.0,12.37,65.72
16:55:05,419.82,62.0,30.43,53.0,7.87,101.72
16:55:18,76.84,53.0,30.45,68.0,5.62,95.16
16:55:23,114.32,53.0,30.43,101.0,6.75,66.07
17:00:01,42.48,45.0,30.39,93.0,7.87,48.73
17:00:04,295.09,62.0,30.43,54.0,5.62,133.77
17:00:17,168.94,53.0,30.45,68.0,5.62,77.02
17:00:23,82.0,53.0,30.43,101.0,6.75,126.79
17:05:03,30.64,45.0,30.39,93.0,9.0,87.84
17:05:08,135.35,61.0,30.43,54.0,9.0,150.09
17:05:17,159.66,53.0,30.45,45.0,4.5,150.55
17:05:21,56.91,53.0,30.43,101.0,3.37,25.99
17:10:02,33.09,45.0,30.4,93.0,6.75,37.42
17:10:05,136.33,60.0,30.43,56.0,2.25,30.91
17:10:17,124.48,54.0,30.45,37.0,2.25,95.64
17:10:19,87.28,53.0,30.43,101.0,3.37,30.96
17:15:02,33.43,45.0,30.4,93.0,3.37,187.25
17:15:08,128.31,60.0,30.43,59.0,2.25,7.77
17:15:21,82.22,53.5,30.44,69.0,4.5,79.64
17:20:02,18.72,45.0,30.39,93.0,3.37,67.47
17:20:05,117.46,59.0,30.43,60.0,1.12,62.22
17:20:21,84.55,55.0,30.45,38.0,3.37,128.87
17:20:23,68.09,53.0,30.43,101.0,6.75,133.96
17:25:02,16.98,45.0,30.4,93.0,7.87,128.69
17:25:04,107.07,59.0,30.43,58.0,5.62,94.85
17:25:17,49.65,55.0,30.45,38.0,4.5,131.45
17:25:23,63.53,53.0,30.43,101.0,3.37,57.82
17:30:05,13.78,45.0,30.4,93.0,10.12,144.84
17:30:09,92.85,59.0,30.44,57.0,1.12,94.26
17:30:20,35.18,54.0,30.46,39.0,0.0,97.94
17:30:23,33.44,52.0,30.44,101.0,2.25,48.1
17:35:05,5.79,45.0,30.4,93.0,4.5,157.9
17:35:18,18.27,54.0,30.46,39.0,4.5,116.67
17:35:20,19.16,52.0,30.44,101.0,5.62,71.9
17:40:01,3.28,45.0,30.4,93.0,5.62,113.29
17:40:12,80.18,58.0,30.44,56.0,7.87,123.45
17:40:18,13.17,53.0,30.46,38.0,4.5,118.24
17:40:24,88.6,52.0,30.44,101.0,4.5,68.34
17:45:03,2.56,45.0,30.4,93.0,4.5,138.91
17:45:18,10.1,53.0,30.45,38.0,2.25,136.73
17:45:22,37.06,52.0,30.44,102.0,7.87,73.0
17:50:08,27.06,51.5,30.42,74.5,3.38,99.5
17:50:17,8.03,52.0,30.45,39.0,3.37,172.25
17:50:21,26.05,52.0,30.44,102.0,4.5,94.81
17:55:01,1.37,45.0,30.4,93.0,10.12,140.96
17:55:08,46.79,58.0,30.44,56.0,3.37,65.06
17:55:17,4.82,52.0,30.45,40.0,4.5,158.45
17:55:21,16.23,52.0,30.44,102.0,2.25,338.31
18:00:01,1.22,45.0,30.4,93.0,6.75,103.75
18:00:07,28.36,58.0,30.44,57.0,2.25,39.39
18:00:18,1.77,51.0,30.45,42.0,4.5,158.93
18:00:22,8.17,52.0,30.44,102.0,5.62,54.3
18:05:03,1.22,45.0,30.4,93.0,3.37,235.8
18:05:04,16.63,58.0,30.44,54.0,2.25,76.68
18:05:18,1.27,51.0,30.46,42.0,4.5,122.72
18:05:19,4.61,52.0,30.44,102.0,6.75,56.09
18:10:05,1.21,45.0,30.4,93.0,5.62,169.21
18:10:09,13.08,57.0,30.44,55.0,3.37,111.12
18:10:20,2.22,51.0,30.44,102.0,7.87,104.91
18:10:23,1.27,50.0,30.46,41.0,4.5,155.06
18:15:05,1.2,45.0,30.4,93.0,7.87,154.42
18:15:09,11.66,57.0,30.44,57.0,4.5,125.58
18:15:17,1.23,50.0,30.46,42.0,7.87,167.99
18:15:29,1.98,52.0,30.44,102.0,4.5,196.38
18:20:02,1.21,45.0,30.4,93.0,5.62,133.95
18:20:03,9.45,57.0,30.44,59.0,4.5,141.64
18:20:19,1.22,50.0,30.46,41.0,6.75,160.6
18:20:25,1.74,52.0,30.44,102.0,1.12,3.49
18:25:05,1.2,45.0,30.4,93.0,4.5,120.36
18:25:06,11.46,57.0,30.44,59.0,4.5,152.66
18:25:18,1.24,50.0,30.46,42.0,5.62,158.86
18:25:19,1.29,52.0,30.44,102.0,1.12,185.66
18:30:01,1.19,45.0,30.4,93.0,11.25,128.55
18:30:17,1.28,49.0,30.46,41.0,10.12,162.55
18:30:20,1.29,52.0,30.44,102.0,4.5,38.84
18:35:04,1.21,45.0,30.4,93.0,6.75,37.11
18:35:17,1.25,50.0,30.46,39.0,5.62,165.44
18:35:23,1.29,52.0,30.44,102.0,3.37,62.42
18:40:03,1.21,45.0,30.4,93.0,4.5,123.41
18:40:04,5.78,56.0,30.44,59.0,2.25,109.7
18:40:18,1.28,50.0,30.46,39.0,5.62,120.66
18:40:23,1.32,52.0,30.44,102.0,2.25,60.26
18:45:05,2.72,50.5,30.42,76.0,7.88,118.14
18:45:17,1.27,49.0,30.46,40.0,9.0,119.56
18:45:26,1.27,52.0,30.44,102.0,3.37,60.29
18:50:04,1.22,45.0,30.4,93.0,12.37,171.48
18:50:06,2.51,56.0,30.44,61.0,3.37,142.83
18:50:18,1.25,49.0,30.46,42.0,6.75,164.63
18:50:23,1.22,52.0,30.45,102.0,4.5,88.96
18:55:04,1.23,45.0,30.4,93.0,2.25,66.79
18:55:17,1.25,49.0,30.46,44.0,3.37,155.66
18:55:21,1.33,52.0,30.45,102.0,4.5,111.31
19:00:02,1.22,45.0,30.4,93.0,4.5,152.2
19:00:06,2.77,55.0,30.45,63.0,4.5,145.28
19:00:17,1.22,49.0,30.46,45.0,5.62,147.7
19:00:27,1.27,52.0,30.45,102.0,5.62,36.07
19:05:02,1.21,45.0,30.4,93.0,7.87,79.43
19:05:04,3.04,55.0,30.45,64.0,0.0,127.1
19:05:19,1.25,48.0,30.46,44.0,5.62,126.08
19:05:20,1.28,52.0,30.45,102.0,3.37,0.1
19:10:03,1.21,45.0,30.41,93.0,2.25,31.0
19:10:06,2.53,55.0,30.45,65.0,3.37,155.71
19:10:18,1.25,48.0,30.46,45.0,5.62,148.44
19:10:24,1.28,51.0,30.45,102.0,5.62,128.74
19:15:01,1.21,45.0,30.41,93.0,4.5,94.78
19:15:17,1.26,48.0,30.47,47.0,7.87,155.15
19:15:39,1.26,50.0,30.45,102.0,9.0,109.12
19:20:02,1.21,45.0,30.41,93.0,1.12,130.61
19:20:07,2.62,55.0,30.45,61.0,3.37,68.27
19:20:19,1.22,47.0,30.47,45.0,7.87,151.13
19:20:23,1.27,51.0,30.45,102.0,2.25,108.49
19:25:05,1.23,45.0,30.41,93.0,11.25,165.77
19:25:06,2.63,55.0,30.45,60.0,1.12,83.02
19:25:18,1.24,47.0,30.47,44.0,3.37,163.61
19:25:21,1.27,51.0,30.45,102.0,5.62,149.0
19:30:01,1.2,45.0,30.41,93.0,5.62,114.1
19:30:05,2.22,55.0,30.45,67.0,2.25,60.17
19:30:20,1.25,47.0,30.47,43.0,4.5,160.52
19:30:23,1.27,51.0,30.46,102.0,3.37,120.3
19:35:01,1.23,45.0,30.41,93.0,4.5,92.65
19:35:06,2.63,54.0,30.45,67.0,4.5,129.35
19:35:20,1.22,47.0,30.48,43.0,9.0,127.55
19:35:21,1.28,52.0,30.46,102.0,6.75,81.05
19:40:02,1.21,45.0,30.41,93.0,6.75,123.25
19:40:05,2.37,54.0,30.45,66.0,1.12,164.52
19:40:18,1.29,47.0,30.48,44.0,3.37,181.36
19:40:25,1.29,52.0,30.46,102.0,13.5,136.33
19:45:04,2.48,54.0,30.45,65.0,3.37,108.06
19:45:05,1.23,45.0,30.41,93.0,13.5,146.31
19:45:19,1.27,52.0,30.46,102.0,10.12,117.72
19:45:20,1.23,47.0,30.48,46.0,2.25,188.05
19:50:01,1.19,45.0,30.41,93.0,10.12,110.89
19:50:05,2.87,54.0,30.45,66.0,3.37,160.56
19:50:21,1.29,52.0,30.46,102.0,10.12,136.51
19:50:22,1.22,47.0,30.48,47.0,4.5,166.12
19:55:03,1.22,45.0,30.42,93.0,7.87,141.23
19:55:04,2.47,54.0,30.45,65.0,3.37,104.07
19:55:18,1.25,46.0,30.48,49.0,6.75,138.52
19:55:21,1.26,52.0,30.46,102.0,4.5,113.3
1:00:01,1.21,44.0,30.42,102.0,11.25,112.72
1:00:07,2.1,52.0,30.43,103.0,4.5,92.15
1:00:20,1.28,46.0,30.47,53.0,4.5,113.18
1:00:25,1.24,49.0,30.45,97.0,11.25,146.72
1:05:03,1.2,44.0,30.42,102.0,5.62,131.49
1:05:05,2.07,52.0,30.42,103.0,4.5,68.17
1:05:17,1.27,47.0,30.46,47.0,5.62,128.81
1:05:20,1.29,50.0,30.45,98.0,9.0,178.42
1:10:02,1.21,44.0,30.42,102.0,6.75,102.57
1:10:06,2.1,51.0,30.42,103.0,4.5,158.06
1:10:18,1.28,48.0,30.46,49.0,9.0,177.68
1:10:21,1.26,50.0,30.45,98.0,5.62,109.41
1:15:04,1.21,44.0,30.42,102.0,5.62,117.49
1:15:14,2.4,51.0,30.42,103.0,3.37,39.69
1:15:18,1.27,48.0,30.46,49.0,5.62,91.62
1:15:25,1.27,50.0,30.45,98.0,4.5,184.21
1:20:02,1.21,44.0,30.42,101.0,14.62,117.07
1:20:03,2.06,51.0,30.42,103.0,7.87,183.01
1:20:21,1.3,50.0,30.44,99.0,5.62,157.74
1:20:23,1.26,47.0,30.46,52.0,7.87,128.16
1:25:03,1.2,44.0,30.42,101.0,9.0,149.51
1:25:06,3.55,51.0,30.42,103.0,4.5,112.42
1:25:18,1.22,47.0,30.46,56.0,3.37,157.72
1:25:23,1.26,50.0,30.44,99.0,10.12,145.18
1:30:01,1.21,44.0,30.42,101.0,4.5,154.37
1:30:08,3.63,52.0,30.41,103.0,3.37,79.47
1:30:19,1.26,46.0,30.46,57.0,3.37,162.1
1:30:30,1.29,51.0,30.44,99.0,7.87,127.53
1:35:02,1.21,44.0,30.42,101.0,9.0,162.93
1:35:04,3.76,52.0,30.41,103.0,10.12,134.44
1:35:17,1.26,46.0,30.45,58.0,7.87,85.42
1:35:24,1.28,51.0,30.44,99.0,6.75,148.18
1:40:02,1.19,43.0,30.42,101.0,13.5,158.56
1:40:07,3.25,52.0,30.42,103.0,3.37,81.23
1:40:20,1.25,46.0,30.45,58.0,5.62,147.9
1:40:23,1.26,51.0,30.44,100.0,9.0,129.03
1:45:01,1.19,43.0,30.41,101.0,12.37,128.7
1:45:08,3.9,52.0,30.41,103.0,5.62,270.48
1:45:18,1.28,46.0,30.45,59.0,4.5,156.96
1:45:26,1.28,51.0,30.44,100.0,11.25,141.06
1:50:03,1.2,43.0,30.42,100.0,10.12,180.84
1:50:18,1.27,45.0,30.45,59.0,7.87,157.0
1:50:26,1.28,51.0,30.44,100.0,7.87,148.13
1:50:43,3.13,51.0,30.41,103.0,5.62,170.97
1:55:02,1.2,43.0,30.41,100.0,12.37,155.66
1:55:04,3.37,51.0,30.42,103.0,5.62,66.06
1:55:23,1.27,48.0,30.45,78.5,5.06,139.32
20:00:05,1.22,45.0,30.42,93.0,4.5,149.68
20:00:12,2.37,54.0,30.45,64.0,7.87,142.03
20:00:19,1.31,52.0,30.46,102.0,1.12,21.09
20:00:26,1.23,46.0,30.48,50.0,5.62,162.47
20:05:02,1.22,45.0,30.42,93.0,5.62,166.42
20:05:08,2.38,54.0,30.46,64.0,4.5,82.95
20:05:17,1.23,45.0,30.48,50.0,7.87,166.67
20:05:20,1.24,51.0,30.46,102.0,4.5,90.88
20:10:01,1.2,45.0,30.42,93.0,5.62,110.66
20:10:13,2.62,54.0,30.46,65.0,2.25,139.23
20:10:18,1.25,45.0,30.48,49.0,4.5,157.98
20:10:22,1.33,51.0,30.47,102.0,3.37,148.81
20:15:06,1.18,45.0,30.42,93.0,5.62,129.99
20:15:07,2.22,54.0,30.46,65.0,1.12,145.26
20:15:18,1.25,45.0,30.48,49.0,7.87,158.55
20:15:21,1.29,51.0,30.47,102.0,3.37,56.16
20:20:06,2.15,54.0,30.46,64.0,3.37,104.55
20:20:15,1.24,45.0,30.42,93.0,9.0,159.53
20:20:17,1.26,45.0,30.48,49.0,11.25,138.07
20:20:25,1.31,51.0,30.47,102.0,6.75,122.7
20:25:02,2.1,54.0,30.46,66.0,3.37,158.6
20:25:04,1.21,45.0,30.42,93.0,6.75,171.94
20:25:20,1.25,45.0,30.48,49.0,9.0,173.46
20:25:21,1.26,52.0,30.47,102.0,10.12,119.14
20:30:03,1.21,45.0,30.42,93.0,9.0,167.13
20:30:06,2.36,53.0,30.46,67.0,4.5,126.94
20:30:18,1.25,45.0,30.48,48.0,6.75,161.12
20:30:25,1.24,51.0,30.47,102.0,10.12,134.32
20:35:05,1.2,45.0,30.42,93.0,7.87,190.35
20:35:07,2.58,53.0,30.46,69.0,6.75,117.98
20:35:18,1.25,45.0,30.48,47.0,7.87,149.32
20:35:23,1.28,51.0,30.47,102.0,10.12,138.2
20:40:04,1.2,45.0,30.42,93.0,7.87,146.59
20:40:08,2.64,52.0,30.46,68.0,9.0,127.75
20:40:19,1.24,45.0,30.48,49.0,10.12,128.91
20:40:26,1.24,51.0,30.47,102.0,9.0,124.77
20:45:05,2.57,51.0,30.46,68.0,7.87,92.36
20:45:06,1.2,45.0,30.43,93.0,7.87,186.24
20:45:17,1.25,45.0,30.49,50.0,5.62,151.73
20:45:23,1.28,51.0,30.47,102.0,4.5,145.0
20:50:03,1.19,45.0,30.43,93.0,3.37,161.06
20:50:08,3.0,51.0,30.46,67.0,6.75,128.64
20:50:20,1.25,48.0,30.48,75.5,7.88,156.64
20:55:04,1.23,45.0,30.42,93.0,4.5,176.85
20:55:08,3.02,51.0,30.46,66.0,3.37,142.37
20:55:19,1.24,45.0,30.49,47.0,7.87,164.42
20:55:25,1.25,51.0,30.47,102.0,7.87,144.99
21:00:04,1.94,47.5,30.44,80.0,9.56,162.98
21:00:20,1.28,51.0,30.47,102.0,5.62,144.78
21:00:21,1.28,45.0,30.49,48.0,4.5,168.15
21:05:04,1.23,45.0,30.42,93.0,9.0,161.58
21:05:07,3.38,50.0,30.46,68.0,4.5,167.13
21:05:18,1.2,45.0,30.49,47.0,5.62,134.88
21:05:21,1.25,51.0,30.47,102.0,5.62,163.67
21:10:02,1.23,45.0,30.42,93.0,10.12,145.52
21:10:06,2.57,50.0,30.46,73.0,5.62,175.15
21:10:17,1.25,45.0,30.49,49.0,7.87,187.17
21:10:22,1.29,52.0,30.47,102.0,3.37,133.24
21:15:04,1.86,47.5,30.44,85.5,5.06,203.64
21:15:20,1.25,48.5,30.48,77.5,5.06,129.16
21:20:02,1.21,45.0,30.42,93.0,9.0,159.59
21:20:06,2.66,51.0,30.47,80.0,4.5,147.68
21:20:18,1.26,51.0,30.47,102.0,9.0,99.83
21:20:20,1.24,44.0,30.49,57.0,7.87,157.35
21:25:03,1.86,48.0,30.44,89.5,7.31,160.69
21:25:18,1.25,44.0,30.49,56.0,6.75,149.67
21:25:22,1.27,51.0,30.47,102.0,5.62,69.11
21:30:01,1.25,45.0,30.42,93.0,9.0,162.84
21:30:07,2.33,51.0,30.47,88.0,4.5,160.19
21:30:17,1.2,44.0,30.49,57.0,10.12,155.69
21:30:21,1.3,51.0,30.47,102.0,2.25,25.56
21:35:02,1.18,45.0,30.42,93.0,5.62,156.97
21:35:05,2.28,51.0,30.47,88.0,1.12,120.1
21:35:17,1.25,44.0,30.49,57.0,7.87,162.07
21:35:20,1.28,51.0,30.47,102.0,2.25,103.11
21:40:03,1.22,45.0,30.42,93.0,6.75,144.26
21:40:12,2.67,51.0,30.47,88.0,5.62,99.61
21:40:18,1.21,44.0,30.49,56.0,6.75,151.68
21:40:22,1.24,51.0,30.47,102.0,6.75,48.75
21:45:02,1.22,45.0,30.42,93.0,3.37,127.89
21:45:06,2.6,51.0,30.46,88.0,11.25,116.78
21:45:18,1.23,44.0,30.49,54.0,5.62,164.02
21:45:22,1.3,51.0,30.47,102.0,3.37,74.18
21:50:02,1.23,45.0,30.42,93.0,7.87,111.59
21:50:07,2.65,52.0,30.46,89.0,3.37,146.85
21:50:19,1.28,44.0,30.49,53.0,3.37,171.8
21:50:22,1.31,51.0,30.47,102.0,4.5,173.51
21:55:02,1.21,45.0,30.42,93.0,6.75,166.39
21:55:04,2.6,52.0,30.46,86.0,2.25,146.43
21:55:17,1.23,44.0,30.49,54.0,6.75,151.28
21:55:25,1.25,51.0,30.47,102.0,3.37,183.48
22:00:04,1.2,45.0,30.42,93.0,16.87,161.53
22:00:08,2.36,52.0,30.47,86.0,1.12,68.03
22:00:17,1.27,44.0,30.49,53.0,10.12,162.22
22:00:18,1.26,51.0,30.47,102.0,5.62,138.31
22:05:03,1.22,45.0,30.42,93.0,13.5,155.53
22:05:08,2.16,52.0,30.47,91.0,1.12,124.12
22:05:18,1.24,44.0,30.49,53.0,10.12,185.38
22:05:25,1.27,50.0,30.47,102.0,3.37,157.98
22:10:06,1.23,45.0,30.42,93.0,13.5,177.27
22:10:09,2.37,52.0,30.47,94.0,2.25,141.87
22:10:18,1.27,44.0,30.49,51.0,9.0,160.68
22:10:22,1.26,50.0,30.47,102.0,9.0,163.1
22:15:01,1.2,45.0,30.42,93.0,12.37,167.59
22:15:05,2.04,52.0,30.47,95.0,4.5,128.9
22:15:21,1.24,44.0,30.49,49.0,7.87,177.93
22:15:22,1.27,50.0,30.47,102.0,6.75,98.07
22:20:02,1.22,45.0,30.42,93.0,11.25,161.08
22:20:05,1.93,51.0,30.47,96.0,2.25,133.02
22:20:18,1.27,50.0,30.47,102.0,4.5,117.27
22:20:19,1.23,44.0,30.49,49.0,9.0,145.21
22:25:02,1.19,45.0,30.43,93.0,11.25,158.52
22:25:04,2.68,51.0,30.47,97.0,3.37,169.82
22:25:17,1.24,44.0,30.49,48.0,7.87,178.08
22:25:20,1.29,51.0,30.47,102.0,9.0,103.88
22:30:02,1.2,45.0,30.43,93.0,7.87,147.59
22:30:06,2.52,51.0,30.47,98.0,2.25,108.89
22:30:18,1.24,44.0,30.49,48.0,7.87,188.43
22:30:26,1.24,51.0,30.47,102.0,5.62,150.58
22:35:04,2.12,48.0,30.45,95.5,6.18,162.34
22:35:18,1.26,44.0,30.49,49.0,9.0,187.36
22:35:24,1.28,51.0,30.47,102.0,5.62,139.52
22:40:03,2.5,51.0,30.47,98.0,4.5,170.29
22:40:06,1.21,45.0,30.43,93.0,6.75,171.98
22:40:21,1.24,44.0,30.49,47.0,7.87,166.45
22:40:23,1.27,51.0,30.47,102.0,3.37,122.06
22:45:04,1.65,48.0,30.44,96.0,5.06,158.34
22:45:22,1.29,51.0,30.47,102.0,4.5,151.89
22:45:25,1.25,44.0,30.49,47.0,6.75,187.62
22:50:01,1.17,45.0,30.43,93.0,6.75,174.5
22:50:08,2.32,51.0,30.47,99.0,0.0,44.45
22:50:17,1.24,44.0,30.49,45.0,6.75,187.32
22:50:21,1.26,50.0,30.47,102.0,7.87,139.16
22:55:05,1.19,45.0,30.42,93.0,4.5,186.21
22:55:09,1.99,51.0,30.46,99.0,2.25,154.29
22:55:20,1.28,51.0,30.47,102.0,9.0,135.45
22:55:22,1.21,44.0,30.49,44.0,6.75,184.2
23:00:02,1.24,45.0,30.42,93.0,5.62,176.13
23:00:06,2.24,51.0,30.46,99.0,3.37,157.9
23:00:18,1.26,44.0,30.49,44.0,7.87,156.64
23:00:21,1.28,51.0,30.47,102.0,6.75,134.25
23:05:01,1.22,45.0,30.42,93.0,5.62,164.84
23:05:04,2.52,50.0,30.46,98.0,5.62,169.11
23:05:21,1.19,44.0,30.49,43.0,7.87,148.82
23:05:23,1.31,51.0,30.47,102.0,2.25,149.21
23:10:04,1.56,47.5,30.44,92.5,6.18,163.76
23:10:18,1.23,44.0,30.49,43.0,4.5,170.21
23:10:24,1.3,51.0,30.47,102.0,3.37,100.4
23:15:01,1.21,45.0,30.41,93.0,5.62,185.15
23:15:10,1.92,51.0,30.46,83.0,6.75,147.04
23:15:18,1.24,45.0,30.49,41.0,6.75,171.81
23:15:26,1.27,51.0,30.47,102.0,9.0,111.49
23:20:02,1.21,45.0,30.41,93.0,7.87,183.83
23:20:05,1.58,51.0,30.46,80.0,2.25,162.73
23:20:18,1.23,45.0,30.49,42.0,9.0,151.9
23:20:24,1.28,51.0,30.47,102.0,10.12,159.72
23:25:05,1.75,48.5,30.44,85.5,4.5,145.0
23:25:17,1.25,45.0,30.49,41.0,5.62,159.69
23:25:22,1.28,51.0,30.46,102.0,4.5,144.15
23:30:02,1.2,45.0,30.42,93.0,2.25,43.72
23:30:04,2.03,52.0,30.46,77.0,2.25,7.12
23:30:17,1.2,45.0,30.49,42.0,6.75,182.45
23:30:21,1.28,51.0,30.47,102.0,5.62,144.72
23:35:02,1.22,45.0,30.41,93.0,5.62,137.49
23:35:04,1.79,52.0,30.46,86.0,3.37,148.24
23:35:18,1.25,45.0,30.49,42.0,7.87,174.42
23:35:19,1.3,51.0,30.46,102.0,6.75,130.24
23:40:02,1.21,45.0,30.42,93.0,7.87,150.02
23:40:08,3.15,52.0,30.46,84.0,5.62,132.2
23:40:19,1.24,45.0,30.48,43.0,7.87,191.29
23:40:25,1.27,51.0,30.46,101.0,7.87,132.3
23:45:03,3.3,52.0,30.46,81.0,4.5,142.77
23:45:04,1.19,45.0,30.41,93.0,1.12,157.4
23:45:17,1.25,44.0,30.48,43.0,5.62,179.61
23:45:23,1.26,50.0,30.47,101.0,9.0,119.92
23:50:03,1.8,48.5,30.44,86.0,3.38,148.9
23:50:20,1.24,44.0,30.48,43.0,7.87,185.34
23:50:21,1.28,50.0,30.46,101.0,2.25,124.45
23:55:05,1.19,45.0,30.41,93.0,3.37,128.07
23:55:07,3.05,52.0,30.46,76.0,2.25,69.32
23:55:18,1.27,44.0,30.48,43.0,6.75,164.71
23:55:24,1.27,50.0,30.46,101.0,4.5,150.11
2:00:02,1.21,43.0,30.42,98.0,12.37,190.16
2:00:05,3.51,51.0,30.41,103.0,14.62,135.75
2:00:20,1.27,45.0,30.46,58.0,1.12,145.51
2:00:23,1.3,51.0,30.44,100.0,3.37,148.95
2:05:02,1.19,43.0,30.42,95.0,7.87,147.71
2:05:05,2.84,51.0,30.41,103.0,12.37,127.54
2:05:19,1.24,45.0,30.46,61.0,5.62,155.52
2:05:27,1.23,50.0,30.43,100.0,12.37,102.17
2:10:01,1.18,43.0,30.42,92.0,4.5,164.76
2:10:09,3.26,51.0,30.41,103.0,4.5,158.09
2:10:18,1.24,45.0,30.46,64.0,9.0,145.44
2:10:24,1.26,50.0,30.44,100.0,9.0,135.34
2:15:02,1.18,43.0,30.42,91.0,6.75,167.47
2:15:03,2.57,51.0,30.41,103.0,12.37,131.57
2:15:17,1.25,45.0,30.45,66.0,6.75,166.22
2:15:19,1.28,50.0,30.43,100.0,6.75,131.57
2:20:04,1.2,42.0,30.42,92.0,5.62,108.37
2:20:08,2.58,51.0,30.41,103.0,7.87,166.75
2:20:17,1.24,44.0,30.45,67.0,6.75,150.2
2:20:31,1.25,50.0,30.43,100.0,3.37,129.94
2:25:04,1.17,42.0,30.42,92.0,7.87,161.05
2:25:06,3.24,51.0,30.4,103.0,9.0,109.84
2:25:19,1.28,50.0,30.43,100.0,5.62,182.2
2:25:20,1.24,44.0,30.45,67.0,7.87,174.76
2:30:05,1.2,42.0,30.41,90.0,3.37,170.83
2:30:06,2.87,51.0,30.4,103.0,14.62,143.65
2:30:18,1.25,44.0,30.45,69.0,7.87,143.12
2:30:29,1.28,50.0,30.43,100.0,9.0,136.03
2:35:03,1.19,41.0,30.41,88.0,5.62,191.78
2:35:10,2.52,51.0,30.4,103.0,5.62,105.55
2:35:17,1.24,44.0,30.45,76.0,9.0,140.15
2:35:24,1.32,50.0,30.43,100.0,4.5,141.13
2:40:02,1.22,41.0,30.4,84.0,7.87,152.63
2:40:09,2.74,51.0,30.4,103.0,11.25,117.72
2:40:17,1.26,44.0,30.45,77.0,2.25,133.68
2:40:22,1.28,50.0,30.43,100.0,6.75,145.65
2:45:02,1.18,41.0,30.4,81.0,7.87,187.17
2:45:04,2.3,51.0,30.4,103.0,12.37,119.72
2:45:18,1.26,44.0,30.45,82.0,6.75,160.0
2:45:26,1.27,50.0,30.43,100.0,4.5,142.79
2:50:04,1.17,41.0,30.4,80.0,5.62,150.59
2:50:07,2.25,51.0,30.4,103.0,9.0,164.35
2:50:19,1.29,50.0,30.43,100.0,9.0,125.55
2:50:20,1.28,44.0,30.45,81.0,5.62,142.98
2:55:04,1.67,46.0,30.4,92.0,3.38,144.9
2:55:18,1.24,44.0,30.45,85.0,5.62,184.86
2:55:19,1.28,50.0,30.43,100.0,7.87,117.12
3:00:03,1.2,41.0,30.39,81.0,3.37,157.47
3:00:17,1.28,44.0,30.45,91.0,5.62,144.13
3:00:24,1.31,50.0,30.43,100.0,2.25,142.99
3:05:02,1.25,41.0,30.4,88.0,5.62,148.86
3:05:05,1.94,51.0,30.4,103.0,4.5,87.85
3:05:17,1.23,44.0,30.45,92.0,5.62,164.45
3:05:19,1.26,50.0,30.43,100.0,9.0,132.66
3:10:02,1.19,41.0,30.4,91.0,9.0,171.02
3:10:06,2.03,51.0,30.4,103.0,7.87,77.73
3:10:18,1.23,44.0,30.45,90.0,2.25,82.25
3:10:23,1.29,50.0,30.43,100.0,13.5,134.16
3:15:01,1.21,42.0,30.4,92.0,7.87,150.01
3:15:06,2.26,51.0,30.4,103.0,1.12,90.87
3:15:19,1.27,51.0,30.43,100.0,4.5,141.29
3:15:24,1.25,44.0,30.45,86.0,9.0,175.4
3:20:02,1.22,42.0,30.4,94.0,6.75,173.98
3:20:08,2.27,51.0,30.4,103.0,9.0,78.56
3:20:17,1.23,44.0,30.45,91.0,12.37,141.42
3:20:21,1.26,51.0,30.43,100.0,2.25,132.21
3:25:02,1.21,43.0,30.39,94.0,4.5,172.56
3:25:12,2.63,51.0,30.4,103.0,2.25,69.28
3:25:18,1.22,44.0,30.44,95.0,9.0,157.78
3:25:22,1.29,50.0,30.43,100.0,0.0,85.42
3:30:02,1.18,43.0,30.4,95.0,7.87,151.67
3:30:05,2.93,51.0,30.4,103.0,4.5,78.66
3:30:17,1.29,44.0,30.44,94.0,9.0,170.71
3:30:19,1.26,50.0,30.43,100.0,4.5,125.83
3:35:02,1.21,43.0,30.4,96.0,4.5,153.22
3:35:07,2.59,51.0,30.4,103.0,5.62,51.52
3:35:20,1.26,45.0,30.44,94.0,5.62,164.54
3:35:25,1.27,50.0,30.43,100.0,7.87,131.05
3:40:01,1.22,43.0,30.4,97.0,7.87,173.0
3:40:08,2.83,51.0,30.4,102.0,6.75,97.24
3:40:18,1.25,45.0,30.44,90.0,10.12,162.2
3:40:20,1.26,50.0,30.43,100.0,2.25,69.18
3:45:03,1.19,43.0,30.4,97.0,5.62,170.61
3:45:07,2.17,51.0,30.4,102.0,6.75,80.72
3:45:17,1.28,45.0,30.45,88.0,6.75,173.0
3:45:27,1.24,50.0,30.43,100.0,4.5,198.94
3:50:03,1.18,43.0,30.4,97.0,9.0,184.18
3:50:04,2.12,50.0,30.4,102.0,9.0,101.26
3:50:20,1.25,47.5,30.44,94.0,5.06,155.57
3:55:05,1.2,43.0,30.4,96.0,6.75,163.79
3:55:12,2.02,50.0,30.4,102.0,3.37,168.14
3:55:19,1.27,50.0,30.43,100.0,9.0,133.19
3:55:20,1.26,45.0,30.45,87.0,2.25,149.07
4:00:02,1.21,43.0,30.4,96.0,4.5,170.18
4:00:04,1.69,50.0,30.4,102.0,10.12,130.43
4:00:18,1.26,45.0,30.45,83.0,1.12,153.62
4:00:25,1.26,50.0,30.43,100.0,12.37,125.96
4:05:01,1.2,42.0,30.41,95.0,3.37,144.62
4:05:07,2.03,49.0,30.4,102.0,7.87,145.36
4:05:18,1.26,46.0,30.45,80.0,4.5,145.59
4:05:23,1.26,50.0,30.43,100.0,5.62,135.42
4:10:02,1.2,42.0,30.41,96.0,4.5,165.39
4:10:03,3.35,49.0,30.4,102.0,7.87,67.42
4:10:20,1.27,46.0,30.45,75.0,6.75,153.36
4:10:21,1.25,50.0,30.43,100.0,5.62,126.36
4:15:02,1.19,42.0,30.41,96.0,5.62,162.92
4:15:04,2.34,49.0,30.41,102.0,9.0,133.75
4:15:20,1.26,48.0,30.44,87.0,9.56,141.45
4:20:02,1.22,42.0,30.41,97.0,5.62,157.05
4:20:04,2.2,49.0,30.41,102.0,9.0,112.54
4:20:17,1.26,46.0,30.45,75.0,7.87,175.58
4:20:23,1.27,50.0,30.43,100.0,12.37,117.66
4:25:02,1.21,42.0,30.41,98.0,5.62,155.49
4:25:03,2.63,49.0,30.41,102.0,12.37,125.24
4:25:18,1.27,45.0,30.45,73.0,3.37,171.63
4:25:22,1.28,50.0,30.43,100.0,5.62,24.57
4:30:02,1.2,42.0,30.41,99.0,5.62,165.25
4:30:03,3.2,49.0,30.41,102.0,5.62,150.52
4:30:20,1.24,45.0,30.45,72.0,6.75,183.89
4:30:22,1.27,50.0,30.43,100.0,3.37,58.98
4:35:02,1.18,42.0,30.4,99.0,6.75,174.38
4:35:04,2.85,49.0,30.41,102.0,6.75,121.97
4:35:19,1.27,51.0,30.43,100.0,7.87,147.5
4:35:20,1.27,45.0,30.45,69.0,6.75,149.82
4:40:01,1.19,42.0,30.4,99.0,11.25,169.41
4:40:07,2.38,49.0,30.41,102.0,6.75,132.09
4:40:20,1.3,45.0,30.45,65.0,6.75,172.55
4:40:22,1.26,51.0,30.43,100.0,4.5,126.01
4:45:01,1.16,42.0,30.4,99.0,9.0,174.78
4:45:08,2.67,49.0,30.41,102.0,1.12,94.79
4:45:20,1.27,47.5,30.44,82.0,5.62,162.7
4:50:02,1.16,42.0,30.4,97.0,4.5,181.06
4:50:07,3.22,49.0,30.41,102.0,2.25,80.05
4:50:17,1.26,45.0,30.45,64.0,6.75,177.56
4:50:20,1.27,50.0,30.43,101.0,6.75,157.27
4:55:02,1.19,42.0,30.4,96.0,10.12,160.86
4:55:05,2.73,49.0,30.41,102.0,16.87,123.83
4:55:17,1.27,45.0,30.46,62.0,6.75,157.42
4:55:21,1.26,50.0,30.44,101.0,4.5,102.89
5:00:04,1.19,42.0,30.4,95.0,11.25,187.33
5:00:11,1.61,49.0,30.42,102.0,3.37,155.32
5:00:18,1.26,45.0,30.46,62.0,4.5,167.99
5:00:25,1.28,50.0,30.44,101.0,7.87,123.76
5:05:02,1.19,42.0,30.4,95.0,7.87,179.46
5:05:05,1.85,50.0,30.41,102.0,7.87,159.86
5:05:18,1.25,45.0,30.46,62.0,6.75,160.04
5:05:23,1.3,50.0,30.44,101.0,7.87,125.93
5:10:02,1.23,42.0,30.4,95.0,5.62,189.54
5:10:09,1.71,50.0,30.41,102.0,10.12,127.27
5:10:18,1.28,45.0,30.46,64.0,9.0,148.84
5:10:21,1.29,50.0,30.44,101.0,10.12,123.59
5:15:05,1.19,42.0,30.39,95.0,10.12,127.02
5:15:06,1.76,50.0,30.41,102.0,9.0,172.87
5:15:20,1.28,47.5,30.45,83.0,5.62,138.56
5:20:03,1.26,43.0,30.39,96.0,5.62,173.62
5:20:05,1.73,49.0,30.41,102.0,11.25,143.95
5:20:17,1.24,44.0,30.45,66.0,6.75,184.58
5:20:23,1.28,50.0,30.44,101.0,7.87,111.93
5:25:01,1.23,43.0,30.38,96.0,7.87,168.21
5:25:04,1.71,49.0,30.41,102.0,9.0,164.16
5:25:19,1.21,44.0,30.45,66.0,5.62,160.35
5:25:23,1.26,50.0,30.44,101.0,6.75,143.08
5:30:02,1.2,43.0,30.38,96.0,10.12,159.42
5:30:07,1.71,49.0,30.41,101.0,11.25,152.03
5:30:18,1.26,44.0,30.45,64.0,4.5,185.09
5:30:21,1.28,50.0,30.44,101.0,6.75,137.4
5:35:01,1.2,43.0,30.38,96.0,6.75,129.5
5:35:21,1.26,44.0,30.45,64.0,6.75,188.43
5:35:24,1.27,50.0,30.44,101.0,9.0,138.95
5:40:01,1.23,44.0,30.38,95.0,3.37,107.49
5:40:05,2.02,48.0,30.41,92.0,3.37,118.18
5:40:18,1.25,44.0,30.45,62.0,4.5,158.4
5:40:21,1.28,50.0,30.44,101.0,9.0,100.6
5:45:02,1.18,44.0,30.38,96.0,5.62,156.09
5:45:05,1.87,48.0,30.42,86.0,9.0,120.92
5:45:18,1.22,44.0,30.45,60.0,5.62,164.28
5:45:23,1.26,50.0,30.44,101.0,5.62,141.49
5:50:02,1.18,44.0,30.39,96.0,5.62,133.33
5:50:12,1.72,48.0,30.41,80.0,10.12,131.69
5:50:20,1.24,45.0,30.45,59.0,5.62,163.29
5:50:27,1.27,50.0,30.44,101.0,5.62,127.36
5:55:04,1.22,44.0,30.39,96.0,4.5,168.48
5:55:17,1.24,45.0,30.46,61.0,5.62,158.34
5:55:24,1.29,50.0,30.44,101.0,11.25,133.37
6:00:04,1.19,44.0,30.39,96.0,14.62,156.26
6:00:07,4.43,49.0,30.41,76.0,6.75,169.53
6:00:17,1.26,44.0,30.46,61.0,7.87,169.21
6:00:25,1.44,49.0,30.44,101.0,7.87,152.1
6:05:02,1.18,44.0,30.39,96.0,7.87,117.36
6:05:07,8.3,48.0,30.41,76.0,10.12,156.43
6:05:18,1.26,44.0,30.46,62.0,4.5,176.11
6:05:21,1.67,49.0,30.44,101.0,5.62,100.05
6:10:02,1.19,44.0,30.4,96.0,7.87,140.62
6:10:10,9.09,48.0,30.41,72.0,4.5,130.7
6:10:20,1.82,46.5,30.45,82.5,6.74,152.71
6:15:04,1.18,44.0,30.4,97.0,2.25,119.96
6:15:06,11.28,49.0,30.41,73.0,6.75,157.94
6:15:20,1.5,44.0,30.46,62.0,9.0,154.68
6:15:24,3.69,49.0,30.44,101.0,7.87,110.25
6:20:01,1.22,44.0,30.4,97.0,5.62,55.88
6:20:10,13.64,49.0,30.41,73.0,13.5,150.24
6:20:17,2.19,44.0,30.46,62.0,10.12,176.86
6:20:26,5.13,49.0,30.44,100.0,9.0,123.2
6:25:02,1.2,44.0,30.4,98.0,4.5,26.23
6:25:07,18.71,49.0,30.41,71.0,4.5,164.95
6:25:18,3.06,45.0,30.46,60.0,6.75,162.88
6:25:26,6.63,49.0,30.45,100.0,6.75,138.79
6:30:02,1.19,44.0,30.4,99.0,4.5,76.65
6:30:18,5.05,45.0,30.47,58.0,4.5,186.97
6:30:22,8.38,49.0,30.45,99.0,6.75,129.81
6:35:01,1.19,44.0,30.4,99.0,3.37,102.9
6:35:09,27.94,50.0,30.42,76.0,7.87,92.89
6:35:17,6.98,45.0,30.47,56.0,3.37,166.25
6:35:25,11.19,50.0,30.45,98.0,7.87,120.55
6:40:02,1.2,44.0,30.4,100.0,5.62,34.4
6:40:08,43.99,49.0,30.42,82.0,11.25,161.38
6:40:20,11.16,46.0,30.47,57.0,10.12,170.21
6:40:30,20.99,50.0,30.45,99.0,6.75,128.54
6:45:04,1.22,44.0,30.4,100.0,3.37,38.71
6:45:08,53.19,49.0,30.42,90.0,5.62,92.24
6:45:18,16.98,46.0,30.47,57.0,10.12,149.25
6:45:20,17.13,50.0,30.45,99.0,7.87,137.0
6:50:03,1.2,44.0,30.4,100.0,6.75,50.69
6:50:08,43.18,49.0,30.42,90.0,11.25,106.62
6:50:21,17.94,48.0,30.46,78.5,7.87,153.26
6:55:02,1.19,44.0,30.41,100.0,2.25,7.27
6:55:18,35.06,50.0,30.45,100.0,4.5,108.95
6:55:20,28.41,46.0,30.47,58.0,7.87,154.58
7:00:02,1.19,44.0,30.41,100.0,9.0,176.67
7:00:06,51.8,49.0,30.42,78.0,12.37,151.26
7:00:17,31.09,46.0,30.47,59.0,9.0,145.19
7:00:20,68.25,51.0,30.45,100.0,5.62,87.42
7:05:04,1.24,44.0,30.41,99.0,13.5,131.66
7:05:06,63.75,50.0,30.42,76.0,6.75,112.56
7:05:18,37.09,45.0,30.47,60.0,4.5,169.1
7:05:22,77.74,51.0,30.46,100.0,4.5,123.84
7:10:02,1.34,44.0,30.42,97.0,10.12,168.68
7:10:09,62.49,50.0,30.42,78.0,13.5,158.97
7:10:18,47.94,45.0,30.48,59.0,5.62,173.36
7:10:20,107.43,51.0,30.46,101.0,4.5,141.73
7:15:01,1.49,43.0,30.42,97.0,6.75,161.84
7:15:05,87.65,50.0,30.43,78.0,9.0,153.19
7:15:20,66.53,45.0,30.48,60.0,5.62,176.59
7:15:32,88.38,51.0,30.46,101.0,3.37,137.81
7:20:02,1.71,43.0,30.42,96.0,13.5,137.7
7:20:05,92.24,50.0,30.43,81.0,3.37,104.53
7:20:17,75.4,45.0,30.48,59.0,6.75,174.42
7:20:21,59.44,51.0,30.46,101.0,6.75,93.37
7:25:01,1.8,43.0,30.41,95.0,7.87,176.26
7:25:17,78.92,45.0,30.48,59.0,10.12,143.83
7:25:20,130.18,51.0,30.46,101.0,9.0,140.09
7:30:04,2.22,42.0,30.41,95.0,15.75,143.32
7:30:21,98.34,45.0,30.48,57.0,6.75,179.41
7:30:23,158.17,51.0,30.46,101.0,4.5,124.49
7:35:02,2.87,42.0,30.42,95.0,16.87,183.75
7:35:05,155.07,50.0,30.43,92.0,2.25,97.22
7:35:18,126.49,46.0,30.48,57.0,5.62,175.36
7:35:21,204.54,52.0,30.46,101.0,6.75,143.45
7:40:02,3.46,42.0,30.42,96.0,16.87,166.84
7:40:05,242.53,51.0,30.44,94.0,6.75,57.78
7:40:20,113.03,46.0,30.48,56.0,9.0,157.03
7:40:27,77.31,52.0,30.46,101.0,3.37,83.11
7:45:01,4.29,42.0,30.42,96.0,14.62,166.31
7:45:20,124.21,46.0,30.48,54.0,7.87,187.79
7:45:23,165.65,52.0,30.46,101.0,2.25,63.86
7:50:03,4.45,42.0,30.42,96.0,14.62,179.2
7:50:07,146.12,51.0,30.44,95.0,2.25,21.02
7:50:18,110.32,47.0,30.48,53.0,5.62,177.6
7:50:21,199.84,52.0,30.47,101.0,5.62,82.71
7:55:02,5.01,42.0,30.42,96.0,7.87,182.82
7:55:05,183.46,51.0,30.44,96.0,5.62,123.96
7:55:18,86.82,47.0,30.48,55.0,6.75,159.94
7:55:22,313.63,52.0,30.47,101.0,4.5,79.01
8:00:01,7.04,42.0,30.42,97.0,9.0,202.45
8:00:18,93.98,47.0,30.48,54.0,5.62,180.44
8:00:20,487.45,52.0,30.47,101.0,6.75,72.29
8:05:02,9.03,43.0,30.42,96.0,12.37,183.53
8:05:20,107.57,47.0,30.49,53.0,4.5,152.73
8:05:21,366.92,53.0,30.47,101.0,3.37,32.56
8:10:01,11.89,43.0,30.42,97.0,3.37,133.54
8:10:04,406.11,51.0,30.45,99.0,4.5,141.67
8:10:18,117.64,48.0,30.49,52.0,6.75,173.9
8:10:20,451.34,53.0,30.47,101.0,10.12,174.92
8:15:02,16.32,43.0,30.42,98.0,4.5,160.13
8:15:06,449.0,52.0,30.45,93.0,13.5,119.67
8:15:18,370.75,48.0,30.49,53.0,5.62,171.14
8:15:23,478.06,54.0,30.47,101.0,2.25,125.48
8:20:02,29.9,43.0,30.41,98.0,6.75,148.76
8:20:07,555.78,53.0,30.45,82.0,12.37,107.81
8:20:20,238.2,51.0,30.48,76.0,3.94,92.42
8:25:01,67.28,43.0,30.41,99.0,5.62,187.42
8:25:04,587.37,53.0,30.45,78.0,3.37,204.79
8:25:18,317.14,51.5,30.48,76.0,6.75,104.07
8:30:03,174.4,44.0,30.41,99.0,10.12,120.24
8:30:05,386.25,54.0,30.45,74.0,4.5,34.72
8:30:18,480.22,50.0,30.49,48.0,3.37,128.46
8:30:23,339.24,54.0,30.47,100.0,6.75,67.9
8:35:02,237.99,44.0,30.41,100.0,12.37,162.61
8:35:06,633.24,53.0,30.45,72.0,10.12,133.06
8:35:18,639.34,51.0,30.49,42.0,7.87,127.1
8:35:27,387.86,54.0,30.47,100.0,4.5,107.99
8:40:03,189.61,45.0,30.41,100.0,6.75,168.57
8:40:09,234.56,54.0,30.45,73.0,7.87,27.41
8:40:17,439.01,53.0,30.49,40.0,2.25,133.48
8:40:19,620.88,53.0,30.47,100.0,1.12,173.9
8:45:02,131.3,45.0,30.41,99.0,5.62,145.17
8:45:18,663.83,55.0,30.49,34.0,6.75,124.82
8:45:22,554.46,54.0,30.47,100.0,3.37,68.07
8:50:05,112.29,45.0,30.41,99.0,3.37,95.92
8:50:08,462.71,53.0,30.45,75.0,3.37,170.1
8:50:21,691.7,55.0,30.48,67.5,3.94,85.46
8:55:04,63.57,45.0,30.42,98.0,9.0,189.65
8:55:17,379.59,57.0,30.5,33.0,5.62,147.6
8:55:23,759.64,54.0,30.47,100.0,6.75,34.13
9:00:01,37.09,45.0,30.42,96.0,4.5,87.27
9:00:11,786.81,54.0,30.46,69.0,9.0,105.07
9:00:20,421.2,56.0,30.48,66.5,8.99,67.0
9:05:05,14.82,45.0,30.44,95.0,3.37,83.55
9:05:08,708.67,55.0,30.46,69.0,5.62,76.68
9:05:17,328.19,58.0,30.5,32.0,9.0,105.59
9:05:35,546.25,54.0,30.47,99.0,6.75,48.49
9:10:03,13.24,45.0,30.43,96.0,14.62,119.2
9:10:07,398.94,54.0,30.46,81.0,3.37,48.17
9:10:19,328.76,57.0,30.5,33.0,2.25,67.07
9:10:21,239.76,54.0,30.48,100.0,6.75,32.33
9:15:02,12.95,45.0,30.44,97.0,4.5,124.63
9:15:05,793.15,54.0,30.46,78.0,12.37,181.52
9:15:18,578.98,55.5,30.49,67.0,6.18,44.87
9:20:05,14.18,44.0,30.44,98.0,13.5,184.73
9:20:08,838.66,54.0,30.46,85.0,9.0,93.05
9:20:17,284.89,56.0,30.5,35.0,0.0,53.18
9:20:21,828.01,54.0,30.48,100.0,5.62,46.06
9:25:02,11.48,44.0,30.44,98.0,13.5,129.95
9:25:09,724.35,55.0,30.46,72.0,3.37,151.48
9:25:19,844.65,54.0,30.48,100.0,5.62,43.19
9:25:20,324.77,56.0,30.5,34.0,3.37,135.18
9:30:02,11.19,44.0,30.44,99.0,10.12,182.83
9:30:07,831.38,56.0,30.46,71.0,6.75,125.63
9:30:19,678.15,56.0,30.5,32.0,4.5,81.78
9:30:20,807.99,55.0,30.48,99.0,3.37,97.72
9:35:11,725.35,56.0,30.46,69.0,5.62,44.53
9:35:13,17.31,44.0,30.43,99.0,18.0,144.26
9:35:22,324.13,56.0,30.48,97.0,2.25,185.56
9:35:33,621.5,56.0,30.51,33.0,1.12,46.24
9:40:04,30.62,44.0,30.43,99.0,11.25,161.38
9:40:08,794.6,56.0,30.46,71.0,12.37,130.75
9:40:17,556.07,57.0,30.51,33.0,14.62,35.25
9:40:19,342.1,56.0,30.48,94.0,5.62,78.05
9:45:05,51.67,44.0,30.43,99.0,4.5,107.44
9:45:17,603.87,57.0,30.5,35.0,3.37,133.85
9:45:20,321.55,55.0,30.47,97.0,6.75,93.17
9:50:08,91.64,44.0,30.43,99.0,11.25,149.07
9:50:18,510.29,57.0,30.5,35.0,4.5,68.3
9:50:22,688.05,55.0,30.47,97.0,7.87,120.06
9:55:02,168.86,44.0,30.42,99.0,5.62,65.19
9:55:07,899.06,57.0,30.47,76.0,7.87,109.5
9:55:18,420.23,57.0,30.5,32.0,3.37,90.07
9:55:36,565.38,55.0,30.48,97.0,6.75,130.15
